Day,Actual,Linear_Regression,Random_Forest,GBT
2022-01-01,0.8501749999999991,1.286433496388053,1.283652195437753,1.168404674895718
2022-01-02,0.9095455177206392,1.268648469190854,1.2486801720013152,1.1126669474373942
2022-01-03,1.4468430555555547,1.2042269342528265,1.1669081839997004,1.05377003290285
2022-01-04,1.1139805555555577,1.1740262592801507,1.2385753772529537,1.1741678565245992
2022-01-05,1.5415138888888908,1.024911559769368,1.17201099705453,1.238159905894885
2022-01-06,1.2341527777777768,1.3529425762381528,1.2989419893506713,1.0960656135765379
2022-01-07,1.2287791666666663,1.0835117826213256,1.178595567041947,1.16985175611633
2022-01-08,1.2480611111111117,1.1912786247809812,1.3138050754722435,1.377053615472282
2022-01-09,1.6228472222222246,1.2784528920939593,1.533970178249295,1.6090764048486734
2022-01-10,1.7419902777777767,1.4054600881373922,1.5383891841168633,1.4833177879775303
2022-01-11,1.0546416666666674,1.4340829152320147,1.2662378050648047,1.134316342968978
2022-01-12,1.4362127659574468,1.237018993655532,1.3141762515468633,1.616474639952105
2022-01-14,2.075463087248319,1.3738746846888716,1.343787086977428,1.399832087256052
2022-01-15,1.525527777777778,1.3882926139529488,1.2582033065551774,1.209392561563332
2022-01-16,1.4931333333333343,1.4665792640371613,1.549380323241729,1.479496561752836
2022-01-17,1.323997222222224,1.6319646553931513,1.5500011125807291,1.580547839226915
2022-01-18,1.3063180555555567,1.3464234952966976,1.3020581485039937,1.2357123316119014
2022-01-19,1.6899361111111084,1.2966795896709584,1.3206281155645347,1.387670765920537
2022-01-20,1.6331444444444454,1.3727319720151172,1.2972381551118897,1.2325679716224252
2022-01-21,1.4846222222222214,1.3143751445857106,1.2865949631386857,1.171963094629201
2022-01-22,1.2434902777777788,1.3481311693034073,1.350675801982879,1.2761849250235846
2022-01-23,1.8127241139680335,1.4072773734378572,1.6143576461442513,1.4187197371510973
2022-01-24,1.5759861111111146,1.5677763910325595,1.5909418502837653,1.5763104889062913
2022-01-25,1.3406319444444432,1.3596656366473,1.2824672883954804,1.1923989629199077
2022-01-26,1.4358083333333331,1.4173005649395876,1.3349199495418447,1.2625339008517125
2022-01-27,1.9172930555555563,1.3471169823096822,1.3630614911163763,1.411361923994785
2022-01-28,1.465440277777777,1.4433353640626372,1.3041698341348658,1.069052004143647
2022-01-29,1.4534652777777777,1.2552816642524256,1.3157630808760366,1.079811409248587
2022-01-30,1.974116666666667,1.5891938533526115,1.6803118611231929,1.9375236058092367
2022-01-31,1.2494416666666681,1.6293980456720796,1.6443748134107046,2.1624503861372846
2022-02-01,1.1762347222222223,1.2981235314981916,1.2520927146111418,1.029586489546554
2022-02-02,1.4982166666666674,1.4057240070592272,1.3159819997915247,1.3925931384776276
2022-02-03,2.015981944444442,1.2704060566702822,1.26513470246905,1.190383080825082
2022-02-04,1.608520833333333,1.437269176872661,1.2536858058121911,1.001239247216561
2022-02-05,1.4575638888888887,1.3437535629326263,1.301983484758876,1.2592347479468793
2022-02-06,1.8840180555555568,1.6309557340139804,1.6052634517684898,1.9118765271824563
2022-02-07,1.1289638888888878,1.645142234466892,1.6084113239895046,1.9439401812872013
2022-02-08,1.793220833333334,1.2460827144426254,1.2473006797084636,0.9629583010087347
2022-02-09,1.6812027777777754,1.635405072220486,1.3319371530801971,1.4448335119303837
2022-02-10,1.3513148019457928,1.3097742358305169,1.23551938955293,1.2924557704455617
2022-02-11,0.9512277777777786,1.3595786141402968,1.2994458619074327,1.3533912879583077
2022-02-12,1.3145819444444455,1.120005108512661,1.2983591647349038,1.379242018127953
2022-02-13,1.6330249999999973,1.3436126412814815,1.521162998705206,1.680189036171008
2022-02-14,1.1721320361362062,1.3172623862710005,1.450010172584679,1.5063859521302478
2022-02-15,1.4563416666666673,1.213700725269078,1.2347152263903636,1.0170431827690758
2022-02-16,1.2484416666666638,1.4073028853349356,1.3360521917609938,1.3923813354962755
2022-02-17,1.4267777777777793,1.1367065333605844,1.2076195536397276,1.1149219810083244
2022-02-18,1.2230250000000018,1.2753662457430792,1.298143118954772,1.1086405072405696
2022-02-19,1.3566472222222226,1.090130898991724,1.2364537714406902,1.0929474922271842
2022-02-20,1.3775888888888903,1.3863936695781192,1.5595038755288386,1.5235902919895692
2022-02-21,1.9029958333333357,1.297727231886995,1.4373034020412234,1.3720788210619204
2022-02-22,1.0236361111111094,1.5349770727066812,1.2980787911308371,1.2142822388805172
2022-02-23,1.014777777777779,1.1408801800993018,1.2570341138910095,1.1937171310246113
2022-02-24,1.3293597222222227,1.2765271727581187,1.3409885183053718,1.3086637045702034
2022-02-25,1.3056972222222225,1.0869495848379103,1.159024310208962,1.1124201964302523
2022-02-26,1.472330555555554,1.0452124196404888,1.1625984881976776,1.2453782436682523
2022-02-27,1.2257333333333347,1.4018492090467056,1.5580203549885738,1.6626864284725085
2022-02-28,0.4942124999999997,1.2596624469371136,1.4282273301310278,1.171798727394456
2022-03-01,0.901894444444445,0.979872566044385,0.9004599281825062,0.4653412880608219
2022-03-02,0.5325736111111105,1.036360320289873,0.9151587365628698,1.0598698724431117
2022-03-03,0.6498847222222223,0.607830489976017,0.8203374198462224,0.8284465674461903
2022-03-04,0.47422222222222143,0.7607539019633229,0.7666712974794311,0.9389020702745517
2022-03-05,0.7873097222222222,0.533387980103079,0.7841863650185661,0.9316760500691351
2022-03-06,0.5518833333333323,0.8857283875462159,0.829948152216471,0.9194923249446255
2022-03-07,0.9531055555555554,0.6985244050002706,0.8162877281414304,0.8918284970460442
2022-03-08,1.7757625000000028,0.9413115615533911,0.9787364902961478,1.8806784843286177
2022-03-09,1.2222999999999997,1.184138162868308,1.185849189273907,1.114677758916997
2022-03-10,1.2657166666666668,1.0566900492495748,1.1318929397988553,1.2688570825537393
2022-03-11,1.3549236111111098,1.3152927873629139,1.2763377833506955,1.3801185982261959
2022-03-12,1.142655555555554,1.1387355500284038,1.207500714873098,1.1689887636643603
2022-03-13,1.6548680555555544,1.244824845549985,1.4118258018934253,1.413012076007577
2022-03-14,1.0879958333333337,1.4603800565588685,1.5037370027100243,1.2382473134907228
2022-03-15,1.244340277777775,1.1213291396021177,1.1449438434067172,1.0551900001757994
2022-03-16,1.0712847222222228,1.3245099019694955,1.2818456877120052,1.226936126061165
2022-03-17,1.3952291666666674,1.0327270606593828,1.1409779386609145,1.1254531505152845
2022-03-18,1.0851958333333342,1.1908776443638942,1.2409606517034817,1.0568336957482136
2022-03-19,1.1551277777777786,0.9729126128635528,1.131200289418532,1.1378579080260203
2022-03-20,0.5678103448275852,1.2899832239541489,1.4638420020633325,1.5682292714124102
2022-03-21,1.47710466988728,0.9072297639495055,1.004447549697995,0.9887650613323701
2022-03-22,1.1240208333333344,1.2829268444849262,1.1956066273011623,1.5957723775130035
2022-03-23,1.2653902777777777,0.9120993872178005,1.1121932129121608,1.1463693310877041
2022-03-24,1.3852444444444472,1.2422649927987557,1.241989037423949,1.136587244096769
2022-03-25,1.166586111111112,1.1459594278153489,1.1964371745659204,0.9887803795220856
2022-03-26,1.1467249999999984,1.0702983684395448,1.2049438018328285,1.0570848695913557
2022-03-27,1.2833125000000005,1.2818225876898417,1.447766287908169,1.6302062263045618
2022-03-28,1.2487597222222215,1.236455046564096,1.3720521741769134,1.2702600020824701
2022-03-29,1.1269013888888884,1.1854313161555474,1.148988459956749,0.9745923224243043
2022-03-30,1.3239263888888892,1.148428181358792,1.2072832326420828,1.1116443865829404
2022-03-31,1.3359736111111093,1.1894277824583348,1.2163754249064802,1.0858204982092847
2022-04-01,1.1718333333333344,1.1326936480844125,1.1061020709406275,0.868916218203712
2022-04-02,1.14487638888889,1.098105782978326,1.1838176583901971,1.147192387238535
2022-04-03,1.253665277777779,1.2710448832702497,1.3802538397362696,1.465251958896961
2022-04-04,1.1738805555555565,1.2319730746408197,1.3106928870278305,1.3949534626330784
2022-04-05,0.776958333333334,1.1592194224740133,1.1030339857101332,0.8006618659903038
2022-04-06,1.267952777777779,0.9958768505557316,1.0176087701235899,1.0711469787896117
2022-04-07,1.1090152777777775,1.1451440394186534,1.0622571536059902,0.7804085648367464
2022-04-08,1.145291666666666,0.9177944648593446,1.0407844070048644,1.2026329412520158
2022-04-09,0.856493055555556,1.0652048359565818,1.1575809726227193,1.1830419748273402
2022-04-10,0.8265333333333345,1.071148671356294,1.1263492596260434,1.2205079119166529
2022-04-11,1.1138359972202934,1.0383698231927916,1.0378003155666642,0.8401460020452197
2022-04-12,0.9996013888888877,1.0336203299869133,1.0141216092999974,1.0539238326935123
2022-04-13,1.0504888888888884,0.9462368357776434,1.044693092087789,1.0342425665824646
2022-04-14,1.153030555555555,1.0323174607787067,1.087843959524985,0.9128304435513372
2022-04-15,1.3001236111111132,1.0076373041264866,1.0723550285516763,1.0533346909999954
2022-04-16,1.084765277777778,1.0571216755059147,1.0872775587894383,1.0046969979590146
2022-04-17,1.081744444444444,1.1818996131577393,1.3375081540207194,1.2695786238354656
2022-04-18,1.0250736111111112,1.1978542546768836,1.3151733203358185,1.3189661046606282
2022-04-19,1.1865236111111113,1.0715922941541294,1.0741999110840341,0.8165976678572902
2022-04-20,1.2733527777777771,1.108340799149751,1.085566535260395,0.9394839711500707
2022-04-21,1.0971625000000007,1.0967641115139664,1.0913944279085097,0.8735688765181683
2022-04-22,1.0145166666666676,1.045638742046524,1.1672981668808822,1.0540895580208705
2022-04-23,0.819816666666665,1.007936976021373,1.158008789350835,1.1310701289057816
2022-04-24,1.0544569444444423,1.0474403377413495,1.1208132532448583,1.067832983873473
2022-04-25,1.0713486111111137,1.088003288372196,1.153600742318736,1.3994744052166515
2022-04-26,0.7518861111111101,1.0011963943021414,1.029736587509156,0.9353976894470309
2022-04-27,0.8687083333333332,0.9131800868930497,0.9738269265091118,1.0875512779391308
2022-04-28,0.602679166666668,0.9361241862317051,0.936796765786839,1.032675315810831
2022-04-29,0.7664749999999988,0.6869643672918144,0.7949863019067904,1.0046910062163978
2022-04-30,0.7768249999999998,0.7634166566015388,0.7905739672321676,0.8970726111592926
2022-05-01,0.9167763888888883,0.8693557090832087,0.8644557441674341,1.0695825405733907
2022-05-02,1.5193819444444405,0.95286396936676,0.9160558082820203,0.9058029849696274
2022-05-03,0.9800708333333339,1.1825484045463028,1.0678490693887421,0.8368521677145998
2022-05-04,1.053444444444442,0.972927155975178,1.037123788401758,1.0691908908955767
2022-05-05,1.253686111111112,1.1711024975890965,1.1990556656742253,1.1389248983920335
2022-05-06,0.9022569444444454,1.046585291564739,1.055050529333791,0.9703539213089325
2022-05-07,1.1416694444444435,0.8923522224229394,0.9939934280132323,1.0587504606375762
2022-05-08,1.0648763888888906,1.2400107200334993,1.2808969543567492,1.3560559286771363
2022-05-09,1.0878541666666677,1.0612796105127593,1.2041588354189214,1.6228948033304817
2022-05-10,1.0193694444444437,1.1197782519055082,1.0781496874655951,0.8286654400874439
2022-05-11,1.0912277777777792,1.034757557135947,1.0569726301139326,1.0466015285761399
2022-05-12,1.4134847222222227,1.0420374658907754,1.0707613723790066,1.004507757121055
2022-05-13,1.078871438498958,1.1260250502411573,1.0963526154115475,0.8638283321319851
2022-05-14,1.1959347222222212,0.9791153052363022,1.0861373606069713,0.8581778930920902
2022-05-15,1.3505361111111116,1.3155055459797076,1.3820054947524432,1.4014829104025825
2022-05-16,1.4586291666666638,1.2399693717124336,1.2857258320982587,1.3111057273051148
2022-05-17,1.1306819444444445,1.2952033313301747,1.1693003168799865,0.9853856212605672
2022-05-18,0.986933333333335,1.177458872080578,1.1761005351627054,1.012683945584781
2022-05-19,0.9908000000000013,1.1200279595021634,1.1707935475133282,0.9262388233399363
2022-05-20,0.801318055555556,0.9812208904420672,1.070192520736544,0.8233841471207614
2022-05-21,0.8988861111111114,0.8224166838033682,0.9487241859518631,1.1417855902087282
2022-05-22,1.455397222222223,1.045383541121577,1.0324816969515203,1.1695424993525143
2022-05-23,1.0330250000000007,1.1887489486083105,1.1818484813824712,1.3757588110987575
2022-05-24,0.9314805555555558,1.0144343411294265,1.0314322063427164,0.8707031057200789
2022-05-25,0.8323791666666641,1.1236292760301403,1.0288256188802094,0.8447588260641744
2022-05-26,0.9638083333333315,0.909899280877525,0.9695952771400802,1.1325396865333586
2022-05-27,0.9189874999999991,0.9008703369528206,0.9630171932038633,0.9808927067875367
2022-05-28,0.9709472222222236,0.8190857888305558,0.9327619388654269,0.9853202584292989
2022-05-29,1.4234777777777794,1.0659441391091704,1.1797660818775249,1.5576609068673652
2022-05-30,1.1567361111111114,1.2130293310361573,1.2370942918677683,1.3358656599572594
2022-05-31,0.930876388888889,1.0890575672549616,1.0439046910319483,0.7277745642739397
2022-06-01,0.8812249999999994,1.119819594270055,1.012766453540943,0.9830056340479698
2022-06-02,0.6811791666666671,0.9781882397928996,0.9797660143621658,0.9054461612456853
2022-06-03,0.9681847222222236,0.7872706817372297,0.828530861446855,0.8210991787116393
2022-06-04,0.9864958333333345,0.8610262209375961,0.9348761476064723,0.8183527837101309
2022-06-05,1.3955861111111116,0.9851431054668573,1.1663366510885085,1.3871227681071028
2022-06-06,1.213050000000003,1.224016877287351,1.2570308716245011,1.3096292410095762
2022-06-07,0.702834722222221,1.1243698926488612,1.0629788639146023,0.832862460345414
2022-06-08,0.9458569444444453,1.0122665004711422,1.0081515683342144,1.1643382593332006
2022-06-09,1.0657513888888894,1.021375819310947,1.0388320579546984,1.0525409773666246
2022-06-10,0.8438819444444442,0.873366078989573,0.9852498975900214,0.8401839781771754
2022-06-11,1.0212999999999979,0.8301704626834443,0.9296715149341414,0.9706981633060303
2022-06-12,1.3711660875608052,1.1254850932697948,1.1388335037032968,1.0410932874469578
2022-06-13,1.1627472222222208,1.1707472852682699,1.2004827352381715,1.3341251774162335
2022-06-14,0.8458222222222218,1.1127234136499702,1.0608680234226369,0.8153598503026381
2022-06-15,0.849976388888887,1.0628661680249536,1.025959592300503,0.9825825310414954
2022-06-16,1.2278416666666674,0.9629869937569389,0.9739944430291816,1.0153429414044455
2022-06-17,0.7139013888888894,0.987535595681635,0.9663817445103611,0.8370001799980386
2022-06-18,0.9252194444444438,0.7422368994137578,0.8820662343877188,0.7642821435659256
2022-06-19,0.9834861111111112,1.1361614216748173,1.0260225606634636,0.8454261989941357
2022-06-20,1.1614930555555552,0.9605574285067853,1.0681288448398814,1.3267008988048015
2022-06-21,1.1533958333333363,1.07631390119478,1.006878962366002,0.7500849266765891
2022-06-22,1.055963888888889,1.0627600253825555,1.0504026916671576,0.8405391335610195
2022-06-23,1.0014333333333332,1.0500646331347703,1.123761275497574,0.8008896749656705
2022-06-24,0.7609583333333325,0.9931564131816408,1.0848171537106621,0.7925486147988302
2022-06-25,0.7634986111111108,0.8277786617912923,0.9639891127063006,0.948139997813866
2022-06-26,0.6816805555555548,0.9906617759771841,0.9573594762216971,1.038181157209121
2022-06-27,0.7916416666666664,0.8453910572240346,0.8114241458937069,0.7384052149070416
2022-06-28,1.0217638888888894,0.8619789851139501,0.7691874570986453,0.759068907819567
2022-06-29,0.9501709520500365,0.9026087070593114,0.9281106836120848,0.9413397468428839
2022-06-30,0.9612055555555541,0.879580826652397,0.9932204765353966,0.9159853086680672
2022-07-01,0.9368069444444453,0.9377980766342446,1.0269146224946744,0.7597946816208427
2022-07-02,0.792311111111112,0.8731666210070301,0.9285650020821231,0.7601235361395452
2022-07-03,0.7778291666666652,0.9966281694508652,0.98108109964688,0.9539313192916914
2022-07-04,1.0681166666666693,0.9510415677257384,0.8420616085739059,0.804204162792152
2022-07-05,0.7736041666666666,0.9956694777348183,0.9495322513192673,0.8471190201053042
2022-07-06,0.6985652777777782,0.8368799265109281,0.8630831227458411,0.8469419817798929
2022-07-07,0.5797138888888886,0.8694541204834003,0.8337620713928348,0.8433445509872014
2022-07-08,0.8421194444444436,0.690034630890878,0.7171784189316724,0.7186294598177148
2022-07-09,0.7524152777777776,0.7453483178281246,0.7790619520205859,0.6723806110648978
2022-07-10,0.8017388888888909,0.8504680170098098,0.867952301873318,0.8628645019286909
2022-07-11,0.8288694444444454,0.9277365493701559,0.8306009035196918,0.8217747021976888
2022-07-12,0.7705375000000014,0.8791799875781905,0.842253298463611,0.8145924537454455
2022-07-13,0.9598013888888896,0.840465549525387,0.8364064966791639,0.8044821554096275
2022-07-14,0.9788000000000017,0.8990528945774656,0.9306328724978402,0.8068879439796354
2022-07-15,1.1349284225156338,0.8582682778116144,0.9736466725739613,0.8302135180218766
2022-07-16,0.5694833333333335,0.9571718884138924,1.036019588841753,0.8343065927385768
2022-07-17,0.5599666666666663,0.9054975517613109,0.9577454014484411,0.9913414882373629
2022-07-18,0.5639152777777781,0.9197345830684078,0.7338694755174991,0.06581397992171129
2022-07-19,0.5563597222222223,0.7026786970905334,0.7025954000288982,0.6376996320322715
2022-07-20,0.5943222222222231,0.6658200445548665,0.6917923223313264,0.6285044418988982
2022-07-21,0.7390041666666657,0.652711891316585,0.7091464801438108,0.5944636124320409
2022-07-22,0.8086430555555537,0.6813602564530719,0.7441410678727429,0.6188401474338014
2022-07-23,0.8167763888888909,0.6938809401888406,0.8066908524559284,0.6156967583177483
2022-07-24,0.6400472222222238,0.9271768540098826,0.8946064862002975,0.9202346498782801
2022-07-25,0.7850069444444443,0.844826866443487,0.7748125444902426,0.6259149271660173
2022-07-26,0.6139930555555558,0.8776090726805599,0.7538420445536081,0.6899293900801999
2022-07-27,0.6613611111111098,0.7164656913197476,0.7492709105041269,0.683455420844373
2022-07-28,0.5990652777777778,0.7533621875959433,0.7307122029985065,0.6540627215926393
2022-07-29,0.38132222222222184,0.6397513092210652,0.7160930993609022,0.6300238047675878
2022-07-30,0.3828194444444453,0.5321736018504062,0.6527468549832911,0.7030551528297124
2022-07-31,0.385150000000001,0.6921570746522328,0.609564547035462,0.6967749840799686
2022-08-01,0.3858777777777774,0.5982884767137939,0.5082378141445318,0.2954995861473771
2022-08-02,0.3815847222222221,0.5686044411402591,0.5010181049122749,0.3659562489747678
2022-08-03,0.42723055555555656,0.5370561166409509,0.5044148810753559,0.45262520771842274
2022-08-04,0.3773305555555557,0.526157937428195,0.5017477169511583,0.4241791858511385
2022-08-05,0.3704694444444447,0.4732857882314221,0.5001712522454483,0.410731377609385
2022-08-06,0.3644069444444453,0.45477739315778365,0.508216748524906,0.4203409208594757
2022-08-07,0.3663027777777781,0.6168589530596407,0.49446270913087104,0.4642052096428293
2022-08-08,0.36698611111111124,0.5848423554031328,0.5024774270693269,0.496668560374323
2022-08-09,0.37157222222222314,0.5526211924971562,0.4985714697390255,0.48337933738264777
2022-08-10,0.3783041666666672,0.5246994046855775,0.5060097476019831,0.4395130787141067
2022-08-11,0.37639027777777917,0.4973074680076266,0.50188943119488,0.42109793125135925
2022-08-12,0.3678458333333338,0.46755403922319516,0.5004485625260178,0.40951320430457644
2022-08-13,0.371037500000001,0.43564983523097567,0.5097674077638088,0.44193210268232036
2022-08-14,0.38490972222222397,0.6176220400534937,0.4949664562009406,0.4900585877894995
2022-08-15,0.7333236111111117,0.590184210583427,0.5105358382498904,0.47008881713765255
2022-08-16,0.7845347222222239,0.7088097895134808,0.7304471866919271,0.8065069071352562
2022-08-17,0.7751204437400949,0.7066299189488916,0.7823054365937643,0.6980484059372937
2022-08-22,0.6140657894736843,0.8781511320547857,0.840879567987501,0.8684344179475835
2022-08-23,0.5317069444444449,0.7962278364365609,0.7475930388040691,0.7456716862150908
2022-08-24,0.5020472222222202,0.7267039707361072,0.6968611719313503,0.7535033009387879
2022-08-25,0.6808388888888888,0.6295414618804251,0.6911399622035426,0.6654282346034582
2022-08-26,0.5258694444444446,0.6474045507005606,0.7167610139748849,0.6480415118388559
2022-08-27,1.4101736111111112,0.5422094498537113,0.6977860007616684,0.6974835729608686
2022-08-28,1.001983333333335,1.1577525437681864,1.0372620138082673,0.6305322483364975
2022-08-29,1.1586666666666674,0.9072597315818065,1.144280841020839,1.6713091876852693
2022-08-30,1.038056944444445,1.2353040969206361,1.159077805069721,0.8699461691795569
2022-08-31,0.9479902777777768,1.0186076657370577,1.0398177185264497,0.9471507513889169
2022-09-01,1.1064708333333326,1.00941331276087,1.0811070594868417,0.838315622462136
2022-09-02,0.9670083333333342,1.0055805076289595,1.056125221744878,0.7703257710731326
2022-09-03,0.9350097222222226,0.8867551130380669,1.0353305665131503,0.7482510146131148
2022-09-04,1.2109999999999996,1.106423009179899,1.1068387570858729,1.0547842769704134
2022-09-05,0.9187625000000019,1.1465548338444371,1.1631051813228144,1.3819507592549765
2022-09-06,0.9881083333333325,0.9828219408624044,0.9224408041222207,0.8049548391428339
2022-09-07,1.008231944444446,1.071978846240885,1.1207318842817175,1.145920184032786
2022-09-08,0.9054249999999985,0.9531571564385786,1.013621636912398,0.9292179370128882
2022-09-09,0.860218055555556,0.9021756847509401,0.9391365537736995,0.9392557348749911
2022-09-10,0.9222972222222227,0.8585891715104133,0.9328578843200483,0.9362195403773255
2022-09-11,1.0161875000000005,1.0317919125870887,0.9562920970594725,0.9849037512296313
2022-09-12,1.1195083333333338,1.0264716747413836,1.1105647647431078,1.436877011165921
2022-09-13,0.747444444444443,1.0610395570207238,1.0107951770272212,0.9088530902443408
2022-09-14,0.9935263888888893,0.9043254718302975,0.9280650782538729,1.011701806770405
2022-09-15,0.6847875000000004,1.0106406646902002,0.9863348165845087,0.8836322980138204
2022-09-16,0.9303736111111116,0.7265601181670789,0.8393356788115134,0.8378877453989103
2022-09-17,1.0400055555555545,0.8805298465942002,0.8642224278811443,0.9195968444225314
2022-09-18,0.8666291666666661,1.0070309656571865,1.1095284141318253,1.3253030221409121
2022-09-19,0.6386111111111107,0.9852285751644843,0.9534707279480957,0.8883109488050123
2022-09-20,1.1686333333333327,0.8933837962430715,0.8508454720151739,1.0570822107513647
2022-09-21,0.7717888888888885,1.0290299133785084,0.9489966955400736,0.8645891241979626
2022-09-22,1.0488847222222195,0.757057427371798,0.8760104930173656,1.0022155798775774
2022-09-23,1.0068486111111121,1.0184092228545545,1.0148691085363082,0.8728768526820835
2022-09-24,0.9222166666666652,0.839538998985681,0.9887794347697009,0.9048442928646869
2022-09-25,0.44917796610169614,1.0768717637549408,1.097065717075515,1.167846655594864
2022-09-28,1.6391149825783962,0.7699689869136144,0.7439152090885205,0.6405971069053362
2022-09-29,1.169740277777776,1.2140741150302183,1.062776024044409,0.7312820029577443
2022-09-30,0.8668597222222221,0.8334581643509082,1.0061322728982318,0.9763515432991051
2022-10-01,1.0450138888888896,1.075523592163897,1.065145197933519,0.8032312438781615
2022-10-02,1.3355930555555535,1.1745925198151426,1.2129352573431182,0.9726715389106592
2022-10-03,1.2713083333333326,1.1677167285103707,1.213889889153473,1.2729716396992774
2022-10-04,1.2333055555555565,1.1708264886720343,1.08122782997697,1.0933361809867255
2022-10-05,1.2879333333333358,1.2205214568237501,1.181666480089085,1.191274568705387
2022-10-06,0.9135111111111106,1.1916135591897472,1.1649214483575978,1.166855374229581
2022-10-07,1.2569125000000003,0.9897315570448164,1.0352269405692591,0.86116551940713
2022-10-08,1.0489277777777781,1.1211656742896317,1.131046658341928,1.0739001313831047
2022-10-09,1.119291666666667,1.0914482706752295,1.2404927953248315,1.385491420857495
2022-10-10,1.388127777777777,1.203944413557938,1.2919398175323775,1.3208633222248742
2022-10-11,1.1267986111111126,1.2188085477290684,1.10877676014227,1.051418353147736
2022-10-12,1.0970083333333336,1.1022292543275292,1.1031080904080295,1.188013609308813
2022-10-13,1.4401986111111085,1.147070415100508,1.17821048280359,1.1549532012007053
2022-10-14,1.482723611111114,1.1752019266352605,1.1336998015276112,0.9584000415388126
2022-10-15,1.1085583333333318,1.154772779140952,1.143012794243464,0.9800374265648193
2022-10-16,0.6944541666666678,1.2915955917997977,1.3841072306956637,1.2181139669772802
2022-10-17,0.7273486111111124,1.0972502495947118,1.0356475183112195,0.7964021805589004
2022-10-18,1.884641666666667,0.9538741075239159,0.8662708552558648,0.9395669254912362
2022-10-19,1.337484722222222,1.2773084333526796,1.1263600501076303,1.418119375775586
2022-10-20,1.1999750000000022,1.0318410239514648,1.0273501393371425,1.0392144397922696
2022-10-21,0.9411097222222228,1.3249939744426307,1.236044814423632,1.2776578602459534
2022-10-22,1.1589527777777762,1.0016745313599458,1.0399979818058025,0.968574753640436
2022-10-23,1.5925250000000006,1.2282902962862678,1.2983078951682427,1.4721779969358109
2022-10-24,1.6612564280750528,1.2970220266684365,1.3043221899723445,1.2932472625830076
2022-10-25,0.807841666666666,1.3706417433119675,1.1977885110489894,1.2088308067927844
2022-10-26,0.6568777777777768,1.1223211187978848,1.0593660866623424,0.7379109456668425
2022-10-27,0.8751930555555572,1.0457763362411008,1.0022036831693315,0.8507957687434542
2022-10-28,1.0161986111111112,0.8231456156591861,0.860228302099364,0.9771537138659222
2022-10-29,0.836404166666667,0.8035198856683401,0.9504587097518931,1.285086413775246
2022-10-30,1.494930555555553,0.9818979745572136,0.965145492196409,0.849504546091699
2022-10-31,1.0252986111111098,1.2770209615603285,1.1999888143940645,0.9100662649041593
2022-11-01,0.9605416666666662,0.9990020941888957,1.1182493582987971,1.0460313387904387
2022-11-02,0.8271402777777775,1.1575071224462263,1.2674341261881352,1.1401448028571128
2022-11-03,0.8981236111111108,0.9136869838591366,1.0027650661639662,1.0067792595151128
2022-11-04,1.7744069444444452,0.891033452038851,0.9494793068132301,0.9087035031314971
2022-11-05,1.2056166666666672,1.188737127712244,1.2104929405588123,1.3284977781417848
2022-11-06,1.2537555555555564,1.156984886238135,1.3571623223545697,1.4248613145233884
2022-11-07,1.1623722222222228,1.4353537449703921,1.47669795035045,1.3408690901236797
2022-11-08,1.2677361111111118,1.177015699910104,1.256724036431968,1.2756094367913746
2022-11-09,1.404234722222221,1.2067720577190215,1.2713232542214707,1.3842140339315472
2022-11-10,1.3517597222222222,1.204425766035957,1.2592864860487374,1.4179571390865433
2022-11-11,1.2316611111111107,1.1874627839644667,1.2600938671237198,1.2278422025144107
2022-11-12,1.2755708333333307,1.1510769014694446,1.2846704540454996,1.3655020241586697
2022-11-13,1.4049819444444434,1.3328916943771105,1.4569689976969673,1.3615270252569298
2022-11-14,1.4155499999999999,1.3176337693610236,1.433169378773471,1.2635265755529603
2022-11-15,1.213459722222223,1.3069573578672156,1.2642688011641101,1.1998255078391311
2022-11-16,1.0484361111111125,1.2337404841333566,1.2934565029242338,1.381597480234047
2022-11-17,1.098633333333334,1.1355240345614313,1.2901193102673238,1.3812632379575664
2022-11-18,1.1473277777777788,1.058160679484729,1.2522860033371872,1.4210770787954825
2022-11-19,1.0905555555555566,0.9937027144934625,1.1666888385995284,1.1185381546548856
2022-11-20,1.525698611111114,1.1678684971048767,1.411688604217272,1.4189291441326506
2022-11-21,0.6256319444444463,1.3380789291770547,1.4309546554819306,1.321039133072466
2022-11-22,1.4177333333333328,0.90881745312414,0.9555196910420563,1.0650116094340132
2022-11-23,1.095511111111111,1.3545196892493223,1.3299431120238454,1.7820149316959784
2022-11-24,1.2473944444444431,0.8920627106083501,1.1429905225602957,1.491852585120393
2022-11-25,0.9938638888888889,1.1878666084451623,1.292884784799328,1.408421124298272
2022-11-26,1.1782296120348374,0.9432940398121197,1.1874588451992771,1.1380737072044855
